dataset,trail,model,threads,version,compiler,is_baseline,kernel_mean_s,total_mean_s,kernel_speedup,total_speedup,success_rate,warmup_runs,measure_runs,hint_key,executable
mini,1,baseline,1,,gcc,True,8.321826666666667e-05,0.0062054062,1.0,1.0,1.0,3,15,mini,${REPO_ROOT}/EX2/sort-radix-mach/EX2_optimized_codes/sort-radix-mach_gcc
mini,1,qwen,1,1,gcc,False,8.224119999999999e-05,0.0059105964,1.0118805010951528,1.0498781814978941,1.0,3,15,mini,${REPO_ROOT}/EX2/sort-radix-mach/EX2_optimized_codes/sort-radix-mach_gcc_qwen_v1
mini,1,qwen,1,2,gcc,False,8.34508e-05,0.005791148933333334,0.9972135278111974,1.0715328290526667,1.0,3,15,mini,${REPO_ROOT}/EX2/sort-radix-mach/EX2_optimized_codes/sort-radix-mach_gcc_qwen_v2
mini,1,qwen,1,3,gcc,False,7.980726666666667e-05,0.006530935666666667,1.0427404689130229,0.9501557689002907,1.0,3,15,mini,${REPO_ROOT}/EX2/sort-radix-mach/EX2_optimized_codes/sort-radix-mach_gcc_qwen_v3
mini,1,qwen,1,4,gcc,False,8.400113333333333e-05,0.006406683933333334,0.9906802844723525,0.9685831647966734,1.0,3,15,mini,${REPO_ROOT}/EX2/sort-radix-mach/EX2_optimized_codes/sort-radix-mach_gcc_qwen_v4
mini,1,qwen,1,5,gcc,False,8.392093333333333e-05,0.008229247399999999,0.9916270394196443,0.754067279591084,1.0,3,15,mini,${REPO_ROOT}/EX2/sort-radix-mach/EX2_optimized_codes/sort-radix-mach_gcc_qwen_v5
mini,1,qwen,1,6,gcc,False,8.271939999999999e-05,0.0061473638,1.006030830333231,1.0094418358646677,1.0,3,15,mini,${REPO_ROOT}/EX2/sort-radix-mach/EX2_optimized_codes/sort-radix-mach_gcc_qwen_v6
mini,1,qwen,1,7,gcc,False,8.203266666666667e-05,0.006467197466666667,1.0144527789742297,0.9595201371202912,1.0,3,15,mini,${REPO_ROOT}/EX2/sort-radix-mach/EX2_optimized_codes/sort-radix-mach_gcc_qwen_v7
mini,1,qwen,1,8,gcc,False,8.618453333333332e-05,0.006743700066666666,0.9655823782766901,0.9201782609924497,1.0,3,15,mini,${REPO_ROOT}/EX2/sort-radix-mach/EX2_optimized_codes/sort-radix-mach_gcc_qwen_v8
mini,1,qwen,1,9,gcc,False,8.366986666666666e-05,0.0062635562,0.9946025968727891,0.9907161366253886,1.0,3,15,mini,${REPO_ROOT}/EX2/sort-radix-mach/EX2_optimized_codes/sort-radix-mach_gcc_qwen_v9
mini,1,qwen,1,10,gcc,False,8.158806666666666e-05,0.009000963733333334,1.0199808632144736,0.6894157541174701,1.0,3,15,mini,${REPO_ROOT}/EX2/sort-radix-mach/EX2_optimized_codes/sort-radix-mach_gcc_qwen_v10
mini,1,qwen,2,1,gcc,False,8.124400000000001e-05,0.006443136,1.0243004611622601,0.9631034018217216,1.0,3,15,mini,${REPO_ROOT}/EX2/sort-radix-mach/EX2_optimized_codes/sort-radix-mach_gcc_qwen_v1
mini,1,qwen,2,2,gcc,False,8.220246666666666e-05,0.005727542866666667,1.0123572934145528,1.0834325197484627,1.0,3,15,mini,${REPO_ROOT}/EX2/sort-radix-mach/EX2_optimized_codes/sort-radix-mach_gcc_qwen_v2
mini,1,qwen,2,3,gcc,False,7.964146666666667e-05,0.007548595666666667,1.044911277374768,0.8220610129380798,1.0,3,15,mini,${REPO_ROOT}/EX2/sort-radix-mach/EX2_optimized_codes/sort-radix-mach_gcc_qwen_v3
mini,1,qwen,2,4,gcc,False,8.468113333333333e-05,0.006847545799999999,0.9827249989568712,0.9062233946649909,1.0,3,15,mini,${REPO_ROOT}/EX2/sort-radix-mach/EX2_optimized_codes/sort-radix-mach_gcc_qwen_v4
mini,1,qwen,2,5,gcc,False,8.129333333333333e-05,0.0064138802,1.0236788584549779,0.9674964306318038,1.0,3,15,mini,${REPO_ROOT}/EX2/sort-radix-mach/EX2_optimized_codes/sort-radix-mach_gcc_qwen_v5
mini,1,qwen,2,6,gcc,False,8.225646666666666e-05,0.0067233736,1.011692697716978,0.9229601936741996,1.0,3,15,mini,${REPO_ROOT}/EX2/sort-radix-mach/EX2_optimized_codes/sort-radix-mach_gcc_qwen_v6
mini,1,qwen,2,7,gcc,False,8.2829e-05,0.0063324786,1.0046996422348051,0.9799332286728928,1.0,3,15,mini,${REPO_ROOT}/EX2/sort-radix-mach/EX2_optimized_codes/sort-radix-mach_gcc_qwen_v7
mini,1,qwen,2,8,gcc,False,8.379826666666665e-05,0.0066880588,0.9930786157868025,0.9278336787350017,1.0,3,15,mini,${REPO_ROOT}/EX2/sort-radix-mach/EX2_optimized_codes/sort-radix-mach_gcc_qwen_v8
mini,1,qwen,2,9,gcc,False,8.188246666666667e-05,0.0062358692,1.0163136267674724,0.9951148750842946,1.0,3,15,mini,${REPO_ROOT}/EX2/sort-radix-mach/EX2_optimized_codes/sort-radix-mach_gcc_qwen_v9
mini,1,qwen,2,10,gcc,False,8.161480000000001e-05,0.010725235866666667,1.019646763413825,0.578579928417798,1.0,3,15,mini,${REPO_ROOT}/EX2/sort-radix-mach/EX2_optimized_codes/sort-radix-mach_gcc_qwen_v10
mini,1,qwen,8,1,gcc,False,7.97864e-05,0.0067267794,1.0430131785199817,0.9224928945938082,1.0,3,15,mini,${REPO_ROOT}/EX2/sort-radix-mach/EX2_optimized_codes/sort-radix-mach_gcc_qwen_v1
mini,1,qwen,8,2,gcc,False,8.215233333333334e-05,0.0056818742,1.0129750828744972,1.0921407235661782,1.0,3,15,mini,${REPO_ROOT}/EX2/sort-radix-mach/EX2_optimized_codes/sort-radix-mach_gcc_qwen_v2
mini,1,qwen,8,3,gcc,False,8.187733333333334e-05,0.0072105904666666665,1.0163773449713391,0.8605961229786295,1.0,3,15,mini,${REPO_ROOT}/EX2/sort-radix-mach/EX2_optimized_codes/sort-radix-mach_gcc_qwen_v3
mini,1,qwen,8,4,gcc,False,8.2099e-05,0.006685032933333334,1.0136331339805196,0.9282536468980147,1.0,3,15,mini,${REPO_ROOT}/EX2/sort-radix-mach/EX2_optimized_codes/sort-radix-mach_gcc_qwen_v4
mini,1,qwen,8,5,gcc,False,8.605366666666668e-05,0.006712367666666667,0.9670507938844364,0.9244735253129509,1.0,3,15,mini,${REPO_ROOT}/EX2/sort-radix-mach/EX2_optimized_codes/sort-radix-mach_gcc_qwen_v5
mini,1,qwen,8,6,gcc,False,8.152193333333333e-05,0.0068844388,1.0208083059855466,0.9013670366275898,1.0,3,15,mini,${REPO_ROOT}/EX2/sort-radix-mach/EX2_optimized_codes/sort-radix-mach_gcc_qwen_v6
mini,1,qwen,8,7,gcc,False,8.348833333333333e-05,0.006707970533333333,0.9967652166969437,0.9250795257915961,1.0,3,15,mini,${REPO_ROOT}/EX2/sort-radix-mach/EX2_optimized_codes/sort-radix-mach_gcc_qwen_v7
mini,1,qwen,8,8,gcc,False,8.264466666666667e-05,0.006775223533333334,1.0069405567610734,0.9158968954264171,1.0,3,15,mini,${REPO_ROOT}/EX2/sort-radix-mach/EX2_optimized_codes/sort-radix-mach_gcc_qwen_v8
mini,1,qwen,8,9,gcc,False,8.55802e-05,0.006363180600000001,0.9724009369768553,0.975205104189562,1.0,3,15,mini,${REPO_ROOT}/EX2/sort-radix-mach/EX2_optimized_codes/sort-radix-mach_gcc_qwen_v9
mini,1,qwen,8,10,gcc,False,8.42838e-05,0.008761729666666666,0.9873577919679307,0.7082398608585239,1.0,3,15,mini,${REPO_ROOT}/EX2/sort-radix-mach/EX2_optimized_codes/sort-radix-mach_gcc_qwen_v10
mini,1,qwen,16,1,gcc,False,8.322453333333332e-05,0.007846257333333334,0.9999247016905273,0.7908746726464745,1.0,3,15,mini,${REPO_ROOT}/EX2/sort-radix-mach/EX2_optimized_codes/sort-radix-mach_gcc_qwen_v1
mini,1,qwen,16,2,gcc,False,8.277013333333333e-05,0.0059383246,1.0054141912702812,1.0449759179550406,1.0,3,15,mini,${REPO_ROOT}/EX2/sort-radix-mach/EX2_optimized_codes/sort-radix-mach_gcc_qwen_v2
mini,1,qwen,16,3,gcc,False,8.041906666666667e-05,0.0069268262,1.034807665843755,0.895851291894692,1.0,3,15,mini,${REPO_ROOT}/EX2/sort-radix-mach/EX2_optimized_codes/sort-radix-mach_gcc_qwen_v3
mini,1,qwen,16,4,gcc,False,8.233873333333333e-05,0.006226769666666667,1.0106818904994896,0.996569093155793,1.0,3,15,mini,${REPO_ROOT}/EX2/sort-radix-mach/EX2_optimized_codes/sort-radix-mach_gcc_qwen_v4
mini,1,qwen,16,5,gcc,False,8.41208e-05,0.0065019844,0.9892709849010788,0.9543865100629895,1.0,3,15,mini,${REPO_ROOT}/EX2/sort-radix-mach/EX2_optimized_codes/sort-radix-mach_gcc_qwen_v5
mini,1,qwen,16,6,gcc,False,8.365873333333334e-05,0.007514494,0.9947349589323609,0.8257916234945427,1.0,3,15,mini,${REPO_ROOT}/EX2/sort-radix-mach/EX2_optimized_codes/sort-radix-mach_gcc_qwen_v6
mini,1,qwen,16,7,gcc,False,8.195926666666667e-05,0.006380861933333333,1.0153612892257862,0.9725028162078292,1.0,3,15,mini,${REPO_ROOT}/EX2/sort-radix-mach/EX2_optimized_codes/sort-radix-mach_gcc_qwen_v7
mini,1,qwen,16,8,gcc,False,8.202740000000001e-05,0.006892629933333333,1.0145179131200874,0.9002958609441859,1.0,3,15,mini,${REPO_ROOT}/EX2/sort-radix-mach/EX2_optimized_codes/sort-radix-mach_gcc_qwen_v8
mini,1,qwen,16,9,gcc,False,8.296733333333333e-05,0.006838316866666667,1.0030244835316713,0.9074464259251007,1.0,3,15,mini,${REPO_ROOT}/EX2/sort-radix-mach/EX2_optimized_codes/sort-radix-mach_gcc_qwen_v9
mini,1,qwen,16,10,gcc,False,8.533633333333333e-05,0.006895859200000001,0.9751797788359003,0.8998742607737698,1.0,3,15,mini,${REPO_ROOT}/EX2/sort-radix-mach/EX2_optimized_codes/sort-radix-mach_gcc_qwen_v10
mini,1,qwen,32,1,gcc,False,8.213586666666667e-05,0.0075536798,1.0131781649591978,0.8215077107186884,1.0,3,15,mini,${REPO_ROOT}/EX2/sort-radix-mach/EX2_optimized_codes/sort-radix-mach_gcc_qwen_v1
mini,1,qwen,32,2,gcc,False,8.253446666666666e-05,0.0059052156,1.0082850235497576,1.0508348247268058,1.0,3,15,mini,${REPO_ROOT}/EX2/sort-radix-mach/EX2_optimized_codes/sort-radix-mach_gcc_qwen_v2
mini,1,qwen,32,3,gcc,False,7.941213333333334e-05,0.006755081466666666,1.04792886393515,0.9186278848924222,1.0,3,15,mini,${REPO_ROOT}/EX2/sort-radix-mach/EX2_optimized_codes/sort-radix-mach_gcc_qwen_v3
mini,1,qwen,32,4,gcc,False,8.299599999999999e-05,0.0068918248,1.0026780407087894,0.900401037472688,1.0,3,15,mini,${REPO_ROOT}/EX2/sort-radix-mach/EX2_optimized_codes/sort-radix-mach_gcc_qwen_v4
mini,1,qwen,32,5,gcc,False,8.306946666666667e-05,0.007029737800000001,1.0017912718832913,0.8827365083232549,1.0,3,15,mini,${REPO_ROOT}/EX2/sort-radix-mach/EX2_optimized_codes/sort-radix-mach_gcc_qwen_v5
mini,1,qwen,32,6,gcc,False,8.472933333333333e-05,0.0073193041333333335,0.9821659559066519,0.847813683781706,1.0,3,15,mini,${REPO_ROOT}/EX2/sort-radix-mach/EX2_optimized_codes/sort-radix-mach_gcc_qwen_v6
mini,1,qwen,32,7,gcc,False,8.243753333333333e-05,0.006642191866666666,1.00947060521785,0.9342407332647764,1.0,3,15,mini,${REPO_ROOT}/EX2/sort-radix-mach/EX2_optimized_codes/sort-radix-mach_gcc_qwen_v7
mini,1,qwen,32,8,gcc,False,8.256506666666667e-05,0.006353195133333334,1.0079113361906085,0.9767378570574783,1.0,3,15,mini,${REPO_ROOT}/EX2/sort-radix-mach/EX2_optimized_codes/sort-radix-mach_gcc_qwen_v8
mini,1,qwen,32,9,gcc,False,8.110726666666666e-05,0.0062301364,1.0260272610181251,0.9960305523968946,1.0,3,15,mini,${REPO_ROOT}/EX2/sort-radix-mach/EX2_optimized_codes/sort-radix-mach_gcc_qwen_v9
mini,1,qwen,32,10,gcc,False,8.244293333333334e-05,0.0079459404,1.0094044850417743,0.7809530260257175,1.0,3,15,mini,${REPO_ROOT}/EX2/sort-radix-mach/EX2_optimized_codes/sort-radix-mach_gcc_qwen_v10
small,1,baseline,1,,gcc,True,8.440666666666667e-05,0.005963400933333333,1.0,1.0,1.0,3,15,small,${REPO_ROOT}/EX2/sort-radix-mach/EX2_optimized_codes/sort-radix-mach_gcc
small,1,qwen,1,1,gcc,False,8.05974e-05,0.008457864133333333,1.0472628976451681,0.7050717343437739,1.0,3,15,small,${REPO_ROOT}/EX2/sort-radix-mach/EX2_optimized_codes/sort-radix-mach_gcc_qwen_v1
small,1,qwen,1,2,gcc,False,8.18024e-05,0.0061479116,1.031836066749468,0.9699880742158578,1.0,3,15,small,${REPO_ROOT}/EX2/sort-radix-mach/EX2_optimized_codes/sort-radix-mach_gcc_qwen_v2
small,1,qwen,1,3,gcc,False,7.96758e-05,0.0067422386,1.0593764564229875,0.8844838171899364,1.0,3,15,small,${REPO_ROOT}/EX2/sort-radix-mach/EX2_optimized_codes/sort-radix-mach_gcc_qwen_v3
small,1,qwen,1,4,gcc,False,8.549459999999999e-05,0.006171901733333333,0.9872748298333074,0.9662177382258171,1.0,3,15,small,${REPO_ROOT}/EX2/sort-radix-mach/EX2_optimized_codes/sort-radix-mach_gcc_qwen_v4
small,1,qwen,1,5,gcc,False,8.1556e-05,0.007184485266666666,1.0349534879918911,0.8300387170395199,1.0,3,15,small,${REPO_ROOT}/EX2/sort-radix-mach/EX2_optimized_codes/sort-radix-mach_gcc_qwen_v5
small,1,qwen,1,6,gcc,False,8.271819999999999e-05,0.007171470666666666,1.020412275250993,0.8315450498949263,1.0,3,15,small,${REPO_ROOT}/EX2/sort-radix-mach/EX2_optimized_codes/sort-radix-mach_gcc_qwen_v6
small,1,qwen,1,7,gcc,False,8.227126666666667e-05,0.006531008533333333,1.0259555989170785,0.9130903600718003,1.0,3,15,small,${REPO_ROOT}/EX2/sort-radix-mach/EX2_optimized_codes/sort-radix-mach_gcc_qwen_v7
small,1,qwen,1,8,gcc,False,8.515733333333333e-05,0.0066201717333333335,0.9911849439468905,0.9007924829664036,1.0,3,15,small,${REPO_ROOT}/EX2/sort-radix-mach/EX2_optimized_codes/sort-radix-mach_gcc_qwen_v8
small,1,qwen,1,9,gcc,False,8.408339999999999e-05,0.006980912533333333,1.0038445955642457,0.8542437546464795,1.0,3,15,small,${REPO_ROOT}/EX2/sort-radix-mach/EX2_optimized_codes/sort-radix-mach_gcc_qwen_v9
small,1,qwen,1,10,gcc,False,8.899186666666667e-05,0.0070061027333333335,0.9484761903334986,0.8511723507794028,1.0,3,15,small,${REPO_ROOT}/EX2/sort-radix-mach/EX2_optimized_codes/sort-radix-mach_gcc_qwen_v10
small,1,qwen,2,1,gcc,False,8.029886666666668e-05,0.007171272866666667,1.051156388259527,0.8315679857968125,1.0,3,15,small,${REPO_ROOT}/EX2/sort-radix-mach/EX2_optimized_codes/sort-radix-mach_gcc_qwen_v1
small,1,qwen,2,2,gcc,False,8.269553333333333e-05,0.005844589799999999,1.020691968046642,1.020328395558801,1.0,3,15,small,${REPO_ROOT}/EX2/sort-radix-mach/EX2_optimized_codes/sort-radix-mach_gcc_qwen_v2
small,1,qwen,2,3,gcc,False,8.357253333333333e-05,0.007147150666666667,1.0099809506791706,0.8343745936609144,1.0,3,15,small,${REPO_ROOT}/EX2/sort-radix-mach/EX2_optimized_codes/sort-radix-mach_gcc_qwen_v3
small,1,qwen,2,4,gcc,False,8.22746e-05,0.006817955333333334,1.0259140326013942,0.8746611911899687,1.0,3,15,small,${REPO_ROOT}/EX2/sort-radix-mach/EX2_optimized_codes/sort-radix-mach_gcc_qwen_v4
small,1,qwen,2,5,gcc,False,8.168753333333334e-05,0.006365035466666667,1.033287005034632,0.9368998750381407,1.0,3,15,small,${REPO_ROOT}/EX2/sort-radix-mach/EX2_optimized_codes/sort-radix-mach_gcc_qwen_v5
small,1,qwen,2,6,gcc,False,8.24264e-05,0.007159372133333333,1.0240246652367042,0.8329502674638638,1.0,3,15,small,${REPO_ROOT}/EX2/sort-radix-mach/EX2_optimized_codes/sort-radix-mach_gcc_qwen_v6
small,1,qwen,2,7,gcc,False,8.116659999999999e-05,0.006008339533333334,1.039918718619071,0.9925206290771871,1.0,3,15,small,${REPO_ROOT}/EX2/sort-radix-mach/EX2_optimized_codes/sort-radix-mach_gcc_qwen_v7
small,1,qwen,2,8,gcc,False,8.039840000000001e-05,0.006276823,1.0498550551586432,0.950066766791629,1.0,3,15,small,${REPO_ROOT}/EX2/sort-radix-mach/EX2_optimized_codes/sort-radix-mach_gcc_qwen_v8
small,1,qwen,2,9,gcc,False,8.093946666666666e-05,0.007965063133333334,1.0428369514007176,0.748694747738639,1.0,3,15,small,${REPO_ROOT}/EX2/sort-radix-mach/EX2_optimized_codes/sort-radix-mach_gcc_qwen_v9
small,1,qwen,2,10,gcc,False,8.18116e-05,0.008679374133333334,1.0317200331819287,0.6870772986304111,1.0,3,15,small,${REPO_ROOT}/EX2/sort-radix-mach/EX2_optimized_codes/sort-radix-mach_gcc_qwen_v10
small,1,qwen,8,1,gcc,False,8.289239999999999e-05,0.006593616,1.0182678588949854,0.9044204171631064,1.0,3,15,small,${REPO_ROOT}/EX2/sort-radix-mach/EX2_optimized_codes/sort-radix-mach_gcc_qwen_v1
small,1,qwen,8,2,gcc,False,8.120253333333333e-05,0.0059574268,1.039458539060358,1.0010028043203707,1.0,3,15,small,${REPO_ROOT}/EX2/sort-radix-mach/EX2_optimized_codes/sort-radix-mach_gcc_qwen_v2
small,1,qwen,8,3,gcc,False,8.065193333333333e-05,0.006804533400000001,1.0465547839729405,0.8763864592586661,1.0,3,15,small,${REPO_ROOT}/EX2/sort-radix-mach/EX2_optimized_codes/sort-radix-mach_gcc_qwen_v3
small,1,qwen,8,4,gcc,False,8.26848e-05,0.006947010399999999,1.0208244643110544,0.8584125530218486,1.0,3,15,small,${REPO_ROOT}/EX2/sort-radix-mach/EX2_optimized_codes/sort-radix-mach_gcc_qwen_v4
small,1,qwen,8,5,gcc,False,8.164073333333333e-05,0.0068807994,1.0338793298443343,0.866672691160468,1.0,3,15,small,${REPO_ROOT}/EX2/sort-radix-mach/EX2_optimized_codes/sort-radix-mach_gcc_qwen_v5
small,1,qwen,8,6,gcc,False,8.64966e-05,0.007666689533333334,0.9758379712805668,0.7778325843775961,1.0,3,15,small,${REPO_ROOT}/EX2/sort-radix-mach/EX2_optimized_codes/sort-radix-mach_gcc_qwen_v6
small,1,qwen,8,7,gcc,False,7.95008e-05,0.006741224133333334,1.0617083937100844,0.8846169205153857,1.0,3,15,small,${REPO_ROOT}/EX2/sort-radix-mach/EX2_optimized_codes/sort-radix-mach_gcc_qwen_v7
small,1,qwen,8,8,gcc,False,8.431513333333333e-05,0.0068839802666666675,1.0010856097798182,0.8662722294846011,1.0,3,15,small,${REPO_ROOT}/EX2/sort-radix-mach/EX2_optimized_codes/sort-radix-mach_gcc_qwen_v8
small,1,qwen,8,9,gcc,False,8.162686666666666e-05,0.0067552272,1.03405496392936,0.8827831776455028,1.0,3,15,small,${REPO_ROOT}/EX2/sort-radix-mach/EX2_optimized_codes/sort-radix-mach_gcc_qwen_v9
small,1,qwen,8,10,gcc,False,7.986806666666667e-05,0.0068082312,1.0568262159010569,0.8759104616384551,1.0,3,15,small,${REPO_ROOT}/EX2/sort-radix-mach/EX2_optimized_codes/sort-radix-mach_gcc_qwen_v10
small,1,qwen,16,1,gcc,False,8.004973333333333e-05,0.007112337733333333,1.0544278306985826,0.8384586273771438,1.0,3,15,small,${REPO_ROOT}/EX2/sort-radix-mach/EX2_optimized_codes/sort-radix-mach_gcc_qwen_v1
small,1,qwen,16,2,gcc,False,8.16608e-05,0.006112029866666666,1.0336252726726491,0.9756825577466638,1.0,3,15,small,${REPO_ROOT}/EX2/sort-radix-mach/EX2_optimized_codes/sort-radix-mach_gcc_qwen_v2
small,1,qwen,16,3,gcc,False,7.883e-05,0.006716466533333334,1.0707429489619011,0.8878777112544831,1.0,3,15,small,${REPO_ROOT}/EX2/sort-radix-mach/EX2_optimized_codes/sort-radix-mach_gcc_qwen_v3
small,1,qwen,16,4,gcc,False,8.077906666666667e-05,0.0071125916,1.0449076741003858,0.8384287006347072,1.0,3,15,small,${REPO_ROOT}/EX2/sort-radix-mach/EX2_optimized_codes/sort-radix-mach_gcc_qwen_v4
small,1,qwen,16,5,gcc,False,8.1055e-05,0.006706789533333333,1.0413505233072193,0.8891588000032962,1.0,3,15,small,${REPO_ROOT}/EX2/sort-radix-mach/EX2_optimized_codes/sort-radix-mach_gcc_qwen_v5
small,1,qwen,16,6,gcc,False,8.158860000000001e-05,0.007965009866666668,1.0345399561540052,0.7486997546971023,1.0,3,15,small,${REPO_ROOT}/EX2/sort-radix-mach/EX2_optimized_codes/sort-radix-mach_gcc_qwen_v6
small,1,qwen,16,7,gcc,False,8.132873333333334e-05,0.007381995200000001,1.037845583069862,0.8078305081170105,1.0,3,15,small,${REPO_ROOT}/EX2/sort-radix-mach/EX2_optimized_codes/sort-radix-mach_gcc_qwen_v7
small,1,qwen,16,8,gcc,False,8.14462e-05,0.0073487026000000006,1.0363487390039887,0.811490307599784,1.0,3,15,small,${REPO_ROOT}/EX2/sort-radix-mach/EX2_optimized_codes/sort-radix-mach_gcc_qwen_v8
small,1,qwen,16,9,gcc,False,8.463506666666667e-05,0.0066027266,0.9973013549939111,0.9031724762514525,1.0,3,15,small,${REPO_ROOT}/EX2/sort-radix-mach/EX2_optimized_codes/sort-radix-mach_gcc_qwen_v9
small,1,qwen,16,10,gcc,False,8.23272e-05,0.006611715666666667,1.0252585617714032,0.9019445532720276,1.0,3,15,small,${REPO_ROOT}/EX2/sort-radix-mach/EX2_optimized_codes/sort-radix-mach_gcc_qwen_v10
small,1,qwen,32,1,gcc,False,7.988533333333333e-05,0.008284940466666666,1.0565977901659045,0.7197880247089605,1.0,3,15,small,${REPO_ROOT}/EX2/sort-radix-mach/EX2_optimized_codes/sort-radix-mach_gcc_qwen_v1
small,1,qwen,32,2,gcc,False,8.08814e-05,0.005941762533333334,1.0435856286694676,1.0036417476933162,1.0,3,15,small,${REPO_ROOT}/EX2/sort-radix-mach/EX2_optimized_codes/sort-radix-mach_gcc_qwen_v2
small,1,qwen,32,3,gcc,False,8.00336e-05,0.0074287488,1.0546403843718972,0.8027463431437247,1.0,3,15,small,${REPO_ROOT}/EX2/sort-radix-mach/EX2_optimized_codes/sort-radix-mach_gcc_qwen_v3
small,1,qwen,32,4,gcc,False,8.331e-05,0.0066273858,1.013163685832033,0.8998119489789372,1.0,3,15,small,${REPO_ROOT}/EX2/sort-radix-mach/EX2_optimized_codes/sort-radix-mach_gcc_qwen_v4
small,1,qwen,32,5,gcc,False,8.18644e-05,0.007097879666666667,1.0310546057464132,0.8401665304835871,1.0,3,15,small,${REPO_ROOT}/EX2/sort-radix-mach/EX2_optimized_codes/sort-radix-mach_gcc_qwen_v5
small,1,qwen,32,6,gcc,False,8.054073333333333e-05,0.006909706733333334,1.0479997285017686,0.863046893808836,1.0,3,15,small,${REPO_ROOT}/EX2/sort-radix-mach/EX2_optimized_codes/sort-radix-mach_gcc_qwen_v6
small,1,qwen,32,7,gcc,False,8.185853333333334e-05,0.0066716484,1.0311284997369445,0.8938422074720445,1.0,3,15,small,${REPO_ROOT}/EX2/sort-radix-mach/EX2_optimized_codes/sort-radix-mach_gcc_qwen_v7
small,1,qwen,32,8,gcc,False,8.272346666666667e-05,0.006778747133333333,1.0203473097516869,0.8797202220465381,1.0,3,15,small,${REPO_ROOT}/EX2/sort-radix-mach/EX2_optimized_codes/sort-radix-mach_gcc_qwen_v8
small,1,qwen,32,9,gcc,False,8.124993333333333e-05,0.0081317298,1.038852134442777,0.7333496168715953,1.0,3,15,small,${REPO_ROOT}/EX2/sort-radix-mach/EX2_optimized_codes/sort-radix-mach_gcc_qwen_v9
small,1,qwen,32,10,gcc,False,8.446873333333334e-05,0.006409990466666667,0.9992652113484201,0.9303291423511945,1.0,3,15,small,${REPO_ROOT}/EX2/sort-radix-mach/EX2_optimized_codes/sort-radix-mach_gcc_qwen_v10
medium,1,baseline,1,,gcc,True,7.84024e-05,0.0062687378,1.0,1.0,1.0,4,20,medium,${REPO_ROOT}/EX2/sort-radix-mach/EX2_optimized_codes/sort-radix-mach_gcc
medium,1,qwen,1,1,gcc,False,7.987825e-05,0.009744438099999999,0.9815237564668731,0.6433144462172735,1.0,4,20,medium,${REPO_ROOT}/EX2/sort-radix-mach/EX2_optimized_codes/sort-radix-mach_gcc_qwen_v1
medium,1,qwen,1,2,gcc,False,8.459905e-05,0.0055938546,0.9267527235825934,1.1206472545782653,1.0,4,20,medium,${REPO_ROOT}/EX2/sort-radix-mach/EX2_optimized_codes/sort-radix-mach_gcc_qwen_v2
medium,1,qwen,1,3,gcc,False,8.170430000000001e-05,0.00696320245,0.9595871943092346,0.9002664858609706,1.0,4,20,medium,${REPO_ROOT}/EX2/sort-radix-mach/EX2_optimized_codes/sort-radix-mach_gcc_qwen_v3
medium,1,qwen,1,4,gcc,False,8.098405e-05,0.0065441416,0.9681215004683021,0.9579159778572028,1.0,4,20,medium,${REPO_ROOT}/EX2/sort-radix-mach/EX2_optimized_codes/sort-radix-mach_gcc_qwen_v4
medium,1,qwen,1,5,gcc,False,8.358534999999999e-05,0.0069269104,0.9379921242179402,0.9049832375484459,1.0,4,20,medium,${REPO_ROOT}/EX2/sort-radix-mach/EX2_optimized_codes/sort-radix-mach_gcc_qwen_v5
medium,1,qwen,1,6,gcc,False,8.322505000000001e-05,0.00704762615,0.9420529035428635,0.8894821698225296,1.0,4,20,medium,${REPO_ROOT}/EX2/sort-radix-mach/EX2_optimized_codes/sort-radix-mach_gcc_qwen_v6
medium,1,qwen,1,7,gcc,False,8.364349999999999e-05,0.0068725622,0.9373400204439079,0.9121398421101231,1.0,4,20,medium,${REPO_ROOT}/EX2/sort-radix-mach/EX2_optimized_codes/sort-radix-mach_gcc_qwen_v7
medium,1,qwen,1,8,gcc,False,8.185045e-05,0.00653038645,0.9578737807794582,0.959933665181484,1.0,4,20,medium,${REPO_ROOT}/EX2/sort-radix-mach/EX2_optimized_codes/sort-radix-mach_gcc_qwen_v8
medium,1,qwen,1,9,gcc,False,8.294255e-05,0.00605649345,0.9452615093218136,1.0350440980003042,1.0,4,20,medium,${REPO_ROOT}/EX2/sort-radix-mach/EX2_optimized_codes/sort-radix-mach_gcc_qwen_v9
medium,1,qwen,1,10,gcc,False,8.24626e-05,0.006435287,0.9507631338327921,0.9741193827097379,1.0,4,20,medium,${REPO_ROOT}/EX2/sort-radix-mach/EX2_optimized_codes/sort-radix-mach_gcc_qwen_v10
medium,1,qwen,2,1,gcc,False,8.29035e-05,0.00757999625,0.9457067554445832,0.8270106729934068,1.0,4,20,medium,${REPO_ROOT}/EX2/sort-radix-mach/EX2_optimized_codes/sort-radix-mach_gcc_qwen_v1
medium,1,qwen,2,2,gcc,False,8.33147e-05,0.0057359162,0.94103921636878,1.0928921520854855,1.0,4,20,medium,${REPO_ROOT}/EX2/sort-radix-mach/EX2_optimized_codes/sort-radix-mach_gcc_qwen_v2
medium,1,qwen,2,3,gcc,False,8.161255e-05,0.00722229625,0.9606659760049159,0.8679701833056211,1.0,4,20,medium,${REPO_ROOT}/EX2/sort-radix-mach/EX2_optimized_codes/sort-radix-mach_gcc_qwen_v3
medium,1,qwen,2,4,gcc,False,8.1056e-05,0.006825339299999999,0.9672621397552309,0.9184507208308312,1.0,4,20,medium,${REPO_ROOT}/EX2/sort-radix-mach/EX2_optimized_codes/sort-radix-mach_gcc_qwen_v4
medium,1,qwen,2,5,gcc,False,8.358975e-05,0.006503608950000001,0.9379427501577645,0.9638860282336009,1.0,4,20,medium,${REPO_ROOT}/EX2/sort-radix-mach/EX2_optimized_codes/sort-radix-mach_gcc_qwen_v5
medium,1,qwen,2,6,gcc,False,8.224765e-05,0.007560454499999999,0.953247904347419,0.8291482740885486,1.0,4,20,medium,${REPO_ROOT}/EX2/sort-radix-mach/EX2_optimized_codes/sort-radix-mach_gcc_qwen_v6
medium,1,qwen,2,7,gcc,False,8.237485e-05,0.0073172641,0.9517759364660452,0.8567051447548545,1.0,4,20,medium,${REPO_ROOT}/EX2/sort-radix-mach/EX2_optimized_codes/sort-radix-mach_gcc_qwen_v7
medium,1,qwen,2,8,gcc,False,8.210205000000001e-05,0.0070077798999999994,0.9549383967878998,0.8945397671522191,1.0,4,20,medium,${REPO_ROOT}/EX2/sort-radix-mach/EX2_optimized_codes/sort-radix-mach_gcc_qwen_v8
medium,1,qwen,2,9,gcc,False,8.077590000000001e-05,0.00611809885,0.9706162357831977,1.0246218561833143,1.0,4,20,medium,${REPO_ROOT}/EX2/sort-radix-mach/EX2_optimized_codes/sort-radix-mach_gcc_qwen_v9
medium,1,qwen,2,10,gcc,False,8.371729999999999e-05,0.0062748165,0.9365137193865546,0.9990312545394755,1.0,4,20,medium,${REPO_ROOT}/EX2/sort-radix-mach/EX2_optimized_codes/sort-radix-mach_gcc_qwen_v10
medium,1,qwen,8,1,gcc,False,8.012804999999999e-05,0.00675296905,0.9784638463060066,0.9282935777708029,1.0,4,20,medium,${REPO_ROOT}/EX2/sort-radix-mach/EX2_optimized_codes/sort-radix-mach_gcc_qwen_v1
medium,1,qwen,8,2,gcc,False,8.082845e-05,0.00582052045,0.9699851970438627,1.0770064041266276,1.0,4,20,medium,${REPO_ROOT}/EX2/sort-radix-mach/EX2_optimized_codes/sort-radix-mach_gcc_qwen_v2
medium,1,qwen,8,3,gcc,False,8.149115e-05,0.0069373376,0.9620971111586963,0.9036229979639452,1.0,4,20,medium,${REPO_ROOT}/EX2/sort-radix-mach/EX2_optimized_codes/sort-radix-mach_gcc_qwen_v3
medium,1,qwen,8,4,gcc,False,7.984275e-05,0.00769824345,0.9819601654502131,0.8143075547968024,1.0,4,20,medium,${REPO_ROOT}/EX2/sort-radix-mach/EX2_optimized_codes/sort-radix-mach_gcc_qwen_v4
medium,1,qwen,8,5,gcc,False,8.221275e-05,0.006731620200000001,0.9536525660557517,0.9312375941827495,1.0,4,20,medium,${REPO_ROOT}/EX2/sort-radix-mach/EX2_optimized_codes/sort-radix-mach_gcc_qwen_v5
medium,1,qwen,8,6,gcc,False,8.206150000000001e-05,0.006829349649999999,0.9554102715646191,0.9179113856031665,1.0,4,20,medium,${REPO_ROOT}/EX2/sort-radix-mach/EX2_optimized_codes/sort-radix-mach_gcc_qwen_v6
medium,1,qwen,8,7,gcc,False,8.29626e-05,0.0067414226499999995,0.9450330630910796,0.929883516500779,1.0,4,20,medium,${REPO_ROOT}/EX2/sort-radix-mach/EX2_optimized_codes/sort-radix-mach_gcc_qwen_v7
medium,1,qwen,8,8,gcc,False,8.330975000000001e-05,0.00666957155,0.9410951299217678,0.9399011245332543,1.0,4,20,medium,${REPO_ROOT}/EX2/sort-radix-mach/EX2_optimized_codes/sort-radix-mach_gcc_qwen_v8
medium,1,qwen,8,9,gcc,False,8.11772e-05,0.007076634900000001,0.9658179883021341,0.8858359783404962,1.0,4,20,medium,${REPO_ROOT}/EX2/sort-radix-mach/EX2_optimized_codes/sort-radix-mach_gcc_qwen_v9
medium,1,qwen,8,10,gcc,False,8.315115e-05,0.0063399757,0.9428901464381431,0.9887636951037525,1.0,4,20,medium,${REPO_ROOT}/EX2/sort-radix-mach/EX2_optimized_codes/sort-radix-mach_gcc_qwen_v10
medium,1,qwen,16,1,gcc,False,8.041375e-05,0.0066510534,0.9749874865927779,0.9425180378193927,1.0,4,20,medium,${REPO_ROOT}/EX2/sort-radix-mach/EX2_optimized_codes/sort-radix-mach_gcc_qwen_v1
medium,1,qwen,16,2,gcc,False,8.280965e-05,0.005845062749999999,0.9467785457371212,1.072484260327231,1.0,4,20,medium,${REPO_ROOT}/EX2/sort-radix-mach/EX2_optimized_codes/sort-radix-mach_gcc_qwen_v2
medium,1,qwen,16,3,gcc,False,8.00817e-05,0.00748461735,0.9790301654435407,0.8375495375191091,1.0,4,20,medium,${REPO_ROOT}/EX2/sort-radix-mach/EX2_optimized_codes/sort-radix-mach_gcc_qwen_v3
medium,1,qwen,16,4,gcc,False,8.019185000000001e-05,0.007371873499999999,0.9776853882283547,0.8503588402595352,1.0,4,20,medium,${REPO_ROOT}/EX2/sort-radix-mach/EX2_optimized_codes/sort-radix-mach_gcc_qwen_v4
medium,1,qwen,16,5,gcc,False,8.089935e-05,0.006596267,0.9691351042993548,0.9503462791909424,1.0,4,20,medium,${REPO_ROOT}/EX2/sort-radix-mach/EX2_optimized_codes/sort-radix-mach_gcc_qwen_v5
medium,1,qwen,16,6,gcc,False,8.244955000000001e-05,0.0076927181,0.950913619298104,0.8148924370438064,1.0,4,20,medium,${REPO_ROOT}/EX2/sort-radix-mach/EX2_optimized_codes/sort-radix-mach_gcc_qwen_v6
medium,1,qwen,16,7,gcc,False,8.0625e-05,0.007090613800000001,0.9724328682170543,0.8840895833305713,1.0,4,20,medium,${REPO_ROOT}/EX2/sort-radix-mach/EX2_optimized_codes/sort-radix-mach_gcc_qwen_v7
medium,1,qwen,16,8,gcc,False,8.347454999999999e-05,0.0065166070500000004,0.9392371686939314,0.9619634499827636,1.0,4,20,medium,${REPO_ROOT}/EX2/sort-radix-mach/EX2_optimized_codes/sort-radix-mach_gcc_qwen_v8
medium,1,qwen,16,9,gcc,False,8.375615e-05,0.0060057402,0.9360793207424172,1.0437910384468512,1.0,4,20,medium,${REPO_ROOT}/EX2/sort-radix-mach/EX2_optimized_codes/sort-radix-mach_gcc_qwen_v9
medium,1,qwen,16,10,gcc,False,8.17969e-05,0.00681608875,0.958500872282446,0.9196972090482244,1.0,4,20,medium,${REPO_ROOT}/EX2/sort-radix-mach/EX2_optimized_codes/sort-radix-mach_gcc_qwen_v10
medium,1,qwen,32,1,gcc,False,7.995805e-05,0.0070995512,0.9805441728506386,0.8829766309735184,1.0,4,20,medium,${REPO_ROOT}/EX2/sort-radix-mach/EX2_optimized_codes/sort-radix-mach_gcc_qwen_v1
medium,1,qwen,32,2,gcc,False,8.38393e-05,0.006304673950000001,0.9351509375674654,0.9943000779604153,1.0,4,20,medium,${REPO_ROOT}/EX2/sort-radix-mach/EX2_optimized_codes/sort-radix-mach_gcc_qwen_v2
medium,1,qwen,32,3,gcc,False,8.29727e-05,0.0100106178,0.9449180272547476,0.6262088839312195,1.0,4,20,medium,${REPO_ROOT}/EX2/sort-radix-mach/EX2_optimized_codes/sort-radix-mach_gcc_qwen_v3
medium,1,qwen,32,4,gcc,False,8.0231e-05,0.00682300225,0.9772083110019818,0.9187653133193676,1.0,4,20,medium,${REPO_ROOT}/EX2/sort-radix-mach/EX2_optimized_codes/sort-radix-mach_gcc_qwen_v4
medium,1,qwen,32,5,gcc,False,8.039485000000001e-05,0.0090193151,0.9752166960943393,0.6950347926085874,1.0,4,20,medium,${REPO_ROOT}/EX2/sort-radix-mach/EX2_optimized_codes/sort-radix-mach_gcc_qwen_v5
medium,1,qwen,32,6,gcc,False,7.975255e-05,0.0065549253,0.983070760746835,0.9563400821669166,1.0,4,20,medium,${REPO_ROOT}/EX2/sort-radix-mach/EX2_optimized_codes/sort-radix-mach_gcc_qwen_v6
medium,1,qwen,32,7,gcc,False,8.20859e-05,0.0072376789,0.955126276254509,0.86612543698229,1.0,4,20,medium,${REPO_ROOT}/EX2/sort-radix-mach/EX2_optimized_codes/sort-radix-mach_gcc_qwen_v7
medium,1,qwen,32,8,gcc,False,8.345115e-05,0.0064423176,0.9395005341448261,0.9730563112877267,1.0,4,20,medium,${REPO_ROOT}/EX2/sort-radix-mach/EX2_optimized_codes/sort-radix-mach_gcc_qwen_v8
medium,1,qwen,32,9,gcc,False,8.21071e-05,0.0063989838500000005,0.9548796632690717,0.9796458229848478,1.0,4,20,medium,${REPO_ROOT}/EX2/sort-radix-mach/EX2_optimized_codes/sort-radix-mach_gcc_qwen_v9
medium,1,qwen,32,10,gcc,False,8.180245e-05,0.00665481185,0.9584358414692958,0.9419857302201564,1.0,4,20,medium,${REPO_ROOT}/EX2/sort-radix-mach/EX2_optimized_codes/sort-radix-mach_gcc_qwen_v10
large,1,baseline,1,,gcc,True,7.972880000000001e-05,0.00619501825,1.0,1.0,1.0,4,20,large,${REPO_ROOT}/EX2/sort-radix-mach/EX2_optimized_codes/sort-radix-mach_gcc
large,1,qwen,1,1,gcc,False,7.978305e-05,0.006346661450000001,0.999320031009093,0.9761066190162072,1.0,4,20,large,${REPO_ROOT}/EX2/sort-radix-mach/EX2_optimized_codes/sort-radix-mach_gcc_qwen_v1
large,1,qwen,1,2,gcc,False,8.02954e-05,0.0061025496,0.9929435559197664,1.015152461849716,1.0,4,20,large,${REPO_ROOT}/EX2/sort-radix-mach/EX2_optimized_codes/sort-radix-mach_gcc_qwen_v2
large,1,qwen,1,3,gcc,False,7.97962e-05,0.00900606365,0.9991553482496662,0.6878719150513666,1.0,4,20,large,${REPO_ROOT}/EX2/sort-radix-mach/EX2_optimized_codes/sort-radix-mach_gcc_qwen_v3
large,1,qwen,1,4,gcc,False,8.190845000000001e-05,0.0069933242000000005,0.9733891924459565,0.8858474271791946,1.0,4,20,large,${REPO_ROOT}/EX2/sort-radix-mach/EX2_optimized_codes/sort-radix-mach_gcc_qwen_v4
large,1,qwen,1,5,gcc,False,8.253435e-05,0.00723709575,0.9660074865798302,0.8560088831213819,1.0,4,20,large,${REPO_ROOT}/EX2/sort-radix-mach/EX2_optimized_codes/sort-radix-mach_gcc_qwen_v5
large,1,qwen,1,6,gcc,False,8.260544999999999e-05,0.00744065325,0.9651760265212528,0.8325906398070626,1.0,4,20,large,${REPO_ROOT}/EX2/sort-radix-mach/EX2_optimized_codes/sort-radix-mach_gcc_qwen_v6
large,1,qwen,1,7,gcc,False,8.15751e-05,0.0075479252499999995,0.9773668680761656,0.8207577638636525,1.0,4,20,large,${REPO_ROOT}/EX2/sort-radix-mach/EX2_optimized_codes/sort-radix-mach_gcc_qwen_v7
large,1,qwen,1,8,gcc,False,8.056705e-05,0.006332373149999999,0.9895956225280682,0.9783090956981904,1.0,4,20,large,${REPO_ROOT}/EX2/sort-radix-mach/EX2_optimized_codes/sort-radix-mach_gcc_qwen_v8
large,1,qwen,1,9,gcc,False,8.192119999999999e-05,0.0064941880499999995,0.9732376967134273,0.9539326860114561,1.0,4,20,large,${REPO_ROOT}/EX2/sort-radix-mach/EX2_optimized_codes/sort-radix-mach_gcc_qwen_v9
large,1,qwen,1,10,gcc,False,8.128035e-05,0.00707851535,0.9809111304269729,0.8751861009950342,1.0,4,20,large,${REPO_ROOT}/EX2/sort-radix-mach/EX2_optimized_codes/sort-radix-mach_gcc_qwen_v10
large,1,qwen,2,1,gcc,False,8.039825e-05,0.006191539,0.9916733262228967,1.0005619362165044,1.0,4,20,large,${REPO_ROOT}/EX2/sort-radix-mach/EX2_optimized_codes/sort-radix-mach_gcc_qwen_v1
large,1,qwen,2,2,gcc,False,8.26369e-05,0.0063113197,0.9648086992614681,0.9815725623913489,1.0,4,20,large,${REPO_ROOT}/EX2/sort-radix-mach/EX2_optimized_codes/sort-radix-mach_gcc_qwen_v2
large,1,qwen,2,3,gcc,False,8.109824999999999e-05,0.00692486355,0.9831136923423134,0.894605100197245,1.0,4,20,large,${REPO_ROOT}/EX2/sort-radix-mach/EX2_optimized_codes/sort-radix-mach_gcc_qwen_v3
large,1,qwen,2,4,gcc,False,8.22071e-05,0.007045786199999999,0.9698529689041459,0.8792515234140941,1.0,4,20,large,${REPO_ROOT}/EX2/sort-radix-mach/EX2_optimized_codes/sort-radix-mach_gcc_qwen_v4
large,1,qwen,2,5,gcc,False,8.155005e-05,0.0076231261,0.9776670891066286,0.8126611273031414,1.0,4,20,large,${REPO_ROOT}/EX2/sort-radix-mach/EX2_optimized_codes/sort-radix-mach_gcc_qwen_v5
large,1,qwen,2,6,gcc,False,8.09137e-05,0.00713102155,0.9853560027535512,0.8687420458012779,1.0,4,20,large,${REPO_ROOT}/EX2/sort-radix-mach/EX2_optimized_codes/sort-radix-mach_gcc_qwen_v6
large,1,qwen,2,7,gcc,False,8.073025e-05,0.0074460029,0.9875951084011261,0.8319924573223038,1.0,4,20,large,${REPO_ROOT}/EX2/sort-radix-mach/EX2_optimized_codes/sort-radix-mach_gcc_qwen_v7
large,1,qwen,2,8,gcc,False,8.116819999999999e-05,0.007545772300000001,0.9822664541039473,0.8209919414080384,1.0,4,20,large,${REPO_ROOT}/EX2/sort-radix-mach/EX2_optimized_codes/sort-radix-mach_gcc_qwen_v8
large,1,qwen,2,9,gcc,False,8.22052e-05,0.0064603922499999996,0.9698753850121404,0.9589229276287365,1.0,4,20,large,${REPO_ROOT}/EX2/sort-radix-mach/EX2_optimized_codes/sort-radix-mach_gcc_qwen_v9
large,1,qwen,2,10,gcc,False,8.105019999999999e-05,0.00682919645,0.9836965238827297,0.9071372152429441,1.0,4,20,large,${REPO_ROOT}/EX2/sort-radix-mach/EX2_optimized_codes/sort-radix-mach_gcc_qwen_v10
large,1,qwen,8,1,gcc,False,8.4788e-05,0.0059724122,0.9403311789404162,1.0372723855195394,1.0,4,20,large,${REPO_ROOT}/EX2/sort-radix-mach/EX2_optimized_codes/sort-radix-mach_gcc_qwen_v1
large,1,qwen,8,2,gcc,False,8.124025e-05,0.006423061450000001,0.9813953058982463,0.9644961827354149,1.0,4,20,large,${REPO_ROOT}/EX2/sort-radix-mach/EX2_optimized_codes/sort-radix-mach_gcc_qwen_v2
large,1,qwen,8,3,gcc,False,8.145785e-05,0.00649389725,0.9787736847952655,0.9539754035991252,1.0,4,20,large,${REPO_ROOT}/EX2/sort-radix-mach/EX2_optimized_codes/sort-radix-mach_gcc_qwen_v3
large,1,qwen,8,4,gcc,False,8.124285e-05,0.006993442149999999,0.9813638984846053,0.8858324866532284,1.0,4,20,large,${REPO_ROOT}/EX2/sort-radix-mach/EX2_optimized_codes/sort-radix-mach_gcc_qwen_v4
large,1,qwen,8,5,gcc,False,8.075385e-05,0.007233134550000001,0.9873064875544635,0.856477673293109,1.0,4,20,large,${REPO_ROOT}/EX2/sort-radix-mach/EX2_optimized_codes/sort-radix-mach_gcc_qwen_v5
large,1,qwen,8,6,gcc,False,8.209244999999999e-05,0.006957396,0.971207461831143,0.8904219696564634,1.0,4,20,large,${REPO_ROOT}/EX2/sort-radix-mach/EX2_optimized_codes/sort-radix-mach_gcc_qwen_v6
large,1,qwen,8,7,gcc,False,8.22844e-05,0.007089248300000001,0.9689418650436779,0.8738610904628632,1.0,4,20,large,${REPO_ROOT}/EX2/sort-radix-mach/EX2_optimized_codes/sort-radix-mach_gcc_qwen_v7
large,1,qwen,8,8,gcc,False,8.115585000000001e-05,0.006717339399999999,0.9824159318151433,0.9222428525794008,1.0,4,20,large,${REPO_ROOT}/EX2/sort-radix-mach/EX2_optimized_codes/sort-radix-mach_gcc_qwen_v8
large,1,qwen,8,9,gcc,False,8.19491e-05,0.0069675845,0.9729063528458519,0.8891199310177006,1.0,4,20,large,${REPO_ROOT}/EX2/sort-radix-mach/EX2_optimized_codes/sort-radix-mach_gcc_qwen_v9
large,1,qwen,8,10,gcc,False,8.183885e-05,0.007622933399999999,0.9742170130689765,0.8126816705495552,1.0,4,20,large,${REPO_ROOT}/EX2/sort-radix-mach/EX2_optimized_codes/sort-radix-mach_gcc_qwen_v10
large,1,qwen,16,1,gcc,False,7.973505e-05,0.0063647283499999995,0.999921615400003,0.9733358455117728,1.0,4,20,large,${REPO_ROOT}/EX2/sort-radix-mach/EX2_optimized_codes/sort-radix-mach_gcc_qwen_v1
large,1,qwen,16,2,gcc,False,8.219425000000001e-05,0.00629939165,0.9700045927786919,0.9834311937089989,1.0,4,20,large,${REPO_ROOT}/EX2/sort-radix-mach/EX2_optimized_codes/sort-radix-mach_gcc_qwen_v2
large,1,qwen,16,3,gcc,False,8.17809e-05,0.0066892804,0.9749073438908108,0.9261113123617901,1.0,4,20,large,${REPO_ROOT}/EX2/sort-radix-mach/EX2_optimized_codes/sort-radix-mach_gcc_qwen_v3
large,1,qwen,16,4,gcc,False,8.187865e-05,0.006698132549999999,0.9737434605968712,0.9248873777512809,1.0,4,20,large,${REPO_ROOT}/EX2/sort-radix-mach/EX2_optimized_codes/sort-radix-mach_gcc_qwen_v4
large,1,qwen,16,5,gcc,False,8.0579e-05,0.007588365599999999,0.9894488638479009,0.8163837348585314,1.0,4,20,large,${REPO_ROOT}/EX2/sort-radix-mach/EX2_optimized_codes/sort-radix-mach_gcc_qwen_v5
large,1,qwen,16,6,gcc,False,8.113415e-05,0.0071252275,0.9826786870879896,0.8694484842764669,1.0,4,20,large,${REPO_ROOT}/EX2/sort-radix-mach/EX2_optimized_codes/sort-radix-mach_gcc_qwen_v6
large,1,qwen,16,7,gcc,False,8.221415e-05,0.0070521732,0.9697698024001952,0.8784552044184053,1.0,4,20,large,${REPO_ROOT}/EX2/sort-radix-mach/EX2_optimized_codes/sort-radix-mach_gcc_qwen_v7
large,1,qwen,16,8,gcc,False,8.163865000000001e-05,0.0063885632,0.9766060560776053,0.9697044634386649,1.0,4,20,large,${REPO_ROOT}/EX2/sort-radix-mach/EX2_optimized_codes/sort-radix-mach_gcc_qwen_v8
large,1,qwen,16,9,gcc,False,8.18982e-05,0.0064642786,0.9735110173361565,0.9583464193514184,1.0,4,20,large,${REPO_ROOT}/EX2/sort-radix-mach/EX2_optimized_codes/sort-radix-mach_gcc_qwen_v9
large,1,qwen,16,10,gcc,False,8.105235e-05,0.006722555,0.9836704302836377,0.9215273433984549,1.0,4,20,large,${REPO_ROOT}/EX2/sort-radix-mach/EX2_optimized_codes/sort-radix-mach_gcc_qwen_v10
large,1,qwen,32,1,gcc,False,8.2633e-05,0.00670985715,0.9648542349908632,0.9232712577196968,1.0,4,20,large,${REPO_ROOT}/EX2/sort-radix-mach/EX2_optimized_codes/sort-radix-mach_gcc_qwen_v1
large,1,qwen,32,2,gcc,False,8.26234e-05,0.00644150975,0.9649663412544147,0.9617338932072562,1.0,4,20,large,${REPO_ROOT}/EX2/sort-radix-mach/EX2_optimized_codes/sort-radix-mach_gcc_qwen_v2
large,1,qwen,32,3,gcc,False,7.87826e-05,0.0070719222499999995,1.0120102662262989,0.8760020304239063,1.0,4,20,large,${REPO_ROOT}/EX2/sort-radix-mach/EX2_optimized_codes/sort-radix-mach_gcc_qwen_v3
large,1,qwen,32,4,gcc,False,8.22272e-05,0.0066055674,0.969615893524284,0.9378480113608408,1.0,4,20,large,${REPO_ROOT}/EX2/sort-radix-mach/EX2_optimized_codes/sort-radix-mach_gcc_qwen_v4
large,1,qwen,32,5,gcc,False,8.14227e-05,0.006905183300000001,0.9791962192361591,0.8971547866079093,1.0,4,20,large,${REPO_ROOT}/EX2/sort-radix-mach/EX2_optimized_codes/sort-radix-mach_gcc_qwen_v5
large,1,qwen,32,6,gcc,False,8.276104999999999e-05,0.0067608791000000005,0.9633613879959234,0.9163036579074457,1.0,4,20,large,${REPO_ROOT}/EX2/sort-radix-mach/EX2_optimized_codes/sort-radix-mach_gcc_qwen_v6
large,1,qwen,32,7,gcc,False,8.45685e-05,0.00723571275,0.9427718358490456,0.8561724966210136,1.0,4,20,large,${REPO_ROOT}/EX2/sort-radix-mach/EX2_optimized_codes/sort-radix-mach_gcc_qwen_v7
large,1,qwen,32,8,gcc,False,8.09197e-05,0.0063488057,0.9852829409896479,0.975776948095923,1.0,4,20,large,${REPO_ROOT}/EX2/sort-radix-mach/EX2_optimized_codes/sort-radix-mach_gcc_qwen_v8
large,1,qwen,32,9,gcc,False,8.136215e-05,0.00657891295,0.9799249405282433,0.941647700324109,1.0,4,20,large,${REPO_ROOT}/EX2/sort-radix-mach/EX2_optimized_codes/sort-radix-mach_gcc_qwen_v9
large,1,qwen,32,10,gcc,False,8.10581e-05,0.0068952970500000006,0.9836006518780974,0.898441097617397,1.0,4,20,large,${REPO_ROOT}/EX2/sort-radix-mach/EX2_optimized_codes/sort-radix-mach_gcc_qwen_v10
extra-large,1,baseline,1,,gcc,True,8.334075000000001e-05,0.0060721452,1.0,1.0,1.0,4,20,extra-large,${REPO_ROOT}/EX2/sort-radix-mach/EX2_optimized_codes/sort-radix-mach_gcc
extra-large,1,qwen,1,1,gcc,False,8.242695e-05,0.00630973415,1.0110861799447877,0.962345648112607,1.0,4,20,extra-large,${REPO_ROOT}/EX2/sort-radix-mach/EX2_optimized_codes/sort-radix-mach_gcc_qwen_v1
extra-large,1,qwen,1,2,gcc,False,8.15959e-05,0.0060533392,1.0213840401294674,1.0031067150507609,1.0,4,20,extra-large,${REPO_ROOT}/EX2/sort-radix-mach/EX2_optimized_codes/sort-radix-mach_gcc_qwen_v2
extra-large,1,qwen,1,3,gcc,False,8.118875000000001e-05,0.007647138,1.0265061353943743,0.7940415355391782,1.0,4,20,extra-large,${REPO_ROOT}/EX2/sort-radix-mach/EX2_optimized_codes/sort-radix-mach_gcc_qwen_v3
extra-large,1,qwen,1,4,gcc,False,8.121174999999999e-05,0.006646395550000001,1.0262154183354013,0.9135997330161909,1.0,4,20,extra-large,${REPO_ROOT}/EX2/sort-radix-mach/EX2_optimized_codes/sort-radix-mach_gcc_qwen_v4
extra-large,1,qwen,1,5,gcc,False,8.182885e-05,0.006602675,1.018476368664597,0.9196492633667416,1.0,4,20,extra-large,${REPO_ROOT}/EX2/sort-radix-mach/EX2_optimized_codes/sort-radix-mach_gcc_qwen_v5
extra-large,1,qwen,1,6,gcc,False,8.28778e-05,0.0070420394,1.0055859349548373,0.8622708359172202,1.0,4,20,extra-large,${REPO_ROOT}/EX2/sort-radix-mach/EX2_optimized_codes/sort-radix-mach_gcc_qwen_v6
extra-large,1,qwen,1,7,gcc,False,8.376105e-05,0.007849601000000001,0.9949821545933343,0.7735610001068843,1.0,4,20,extra-large,${REPO_ROOT}/EX2/sort-radix-mach/EX2_optimized_codes/sort-radix-mach_gcc_qwen_v7
extra-large,1,qwen,1,8,gcc,False,8.411774999999999e-05,0.0068519516,0.9907629483670214,0.8861920740946273,1.0,4,20,extra-large,${REPO_ROOT}/EX2/sort-radix-mach/EX2_optimized_codes/sort-radix-mach_gcc_qwen_v8
extra-large,1,qwen,1,9,gcc,False,8.541075e-05,0.00699169875,0.9757641748843092,0.8684792376101731,1.0,4,20,extra-large,${REPO_ROOT}/EX2/sort-radix-mach/EX2_optimized_codes/sort-radix-mach_gcc_qwen_v9
extra-large,1,qwen,1,10,gcc,False,8.091655e-05,0.0066560685999999996,1.0299592604973893,0.9122720279655773,1.0,4,20,extra-large,${REPO_ROOT}/EX2/sort-radix-mach/EX2_optimized_codes/sort-radix-mach_gcc_qwen_v10
extra-large,1,qwen,2,1,gcc,False,8.16476e-05,0.0070627998,1.0207372905021093,0.8597362762569031,1.0,4,20,extra-large,${REPO_ROOT}/EX2/sort-radix-mach/EX2_optimized_codes/sort-radix-mach_gcc_qwen_v1
extra-large,1,qwen,2,2,gcc,False,8.581310000000001e-05,0.006047147399999999,0.9711891307970462,1.0041338168803362,1.0,4,20,extra-large,${REPO_ROOT}/EX2/sort-radix-mach/EX2_optimized_codes/sort-radix-mach_gcc_qwen_v2
extra-large,1,qwen,2,3,gcc,False,8.103725000000001e-05,0.00704738855,1.0284251995224418,0.86161635007339,1.0,4,20,extra-large,${REPO_ROOT}/EX2/sort-radix-mach/EX2_optimized_codes/sort-radix-mach_gcc_qwen_v3
extra-large,1,qwen,2,4,gcc,False,8.220054999999999e-05,0.006853024050000001,1.013870953418195,0.8860533912762205,1.0,4,20,extra-large,${REPO_ROOT}/EX2/sort-radix-mach/EX2_optimized_codes/sort-radix-mach_gcc_qwen_v4
extra-large,1,qwen,2,5,gcc,False,8.323145e-05,0.006831324,1.001313205525075,0.8888679851812036,1.0,4,20,extra-large,${REPO_ROOT}/EX2/sort-radix-mach/EX2_optimized_codes/sort-radix-mach_gcc_qwen_v5
extra-large,1,qwen,2,6,gcc,False,8.19146e-05,0.00712317625,1.017410205262554,0.8524491023228578,1.0,4,20,extra-large,${REPO_ROOT}/EX2/sort-radix-mach/EX2_optimized_codes/sort-radix-mach_gcc_qwen_v6
extra-large,1,qwen,2,7,gcc,False,8.39455e-05,0.00698027105,0.9927959211631356,0.8699010620798171,1.0,4,20,extra-large,${REPO_ROOT}/EX2/sort-radix-mach/EX2_optimized_codes/sort-radix-mach_gcc_qwen_v7
extra-large,1,qwen,2,8,gcc,False,8.37407e-05,0.00695800745,0.9952239472562328,0.8726844924548047,1.0,4,20,extra-large,${REPO_ROOT}/EX2/sort-radix-mach/EX2_optimized_codes/sort-radix-mach_gcc_qwen_v8
extra-large,1,qwen,2,9,gcc,False,8.27828e-05,0.0068546608,1.00673992665143,0.8858418202108558,1.0,4,20,extra-large,${REPO_ROOT}/EX2/sort-radix-mach/EX2_optimized_codes/sort-radix-mach_gcc_qwen_v9
extra-large,1,qwen,2,10,gcc,False,8.29132e-05,0.0065767556,1.005156597501966,0.9232736579112047,1.0,4,20,extra-large,${REPO_ROOT}/EX2/sort-radix-mach/EX2_optimized_codes/sort-radix-mach_gcc_qwen_v10
extra-large,1,qwen,8,1,gcc,False,7.972995e-05,0.00661182025,1.0452878748826508,0.918377235073806,1.0,4,20,extra-large,${REPO_ROOT}/EX2/sort-radix-mach/EX2_optimized_codes/sort-radix-mach_gcc_qwen_v1
extra-large,1,qwen,8,2,gcc,False,8.637295e-05,0.00607610865,0.9648941016834554,0.999347699287767,1.0,4,20,extra-large,${REPO_ROOT}/EX2/sort-radix-mach/EX2_optimized_codes/sort-radix-mach_gcc_qwen_v2
extra-large,1,qwen,8,3,gcc,False,8.14868e-05,0.007323887499999999,1.0227515376723593,0.8290877215140184,1.0,4,20,extra-large,${REPO_ROOT}/EX2/sort-radix-mach/EX2_optimized_codes/sort-radix-mach_gcc_qwen_v3
extra-large,1,qwen,8,4,gcc,False,8.031825e-05,0.007676085500000001,1.0376315470020825,0.7910471033705917,1.0,4,20,extra-large,${REPO_ROOT}/EX2/sort-radix-mach/EX2_optimized_codes/sort-radix-mach_gcc_qwen_v4
extra-large,1,qwen,8,5,gcc,False,8.427955e-05,0.0069826109,0.9888608802491234,0.8696095610883889,1.0,4,20,extra-large,${REPO_ROOT}/EX2/sort-radix-mach/EX2_optimized_codes/sort-radix-mach_gcc_qwen_v5
extra-large,1,qwen,8,6,gcc,False,8.16336e-05,0.0075226737,1.0209123449167992,0.8071791283463484,1.0,4,20,extra-large,${REPO_ROOT}/EX2/sort-radix-mach/EX2_optimized_codes/sort-radix-mach_gcc_qwen_v6
extra-large,1,qwen,8,7,gcc,False,8.166365e-05,0.0072423802,1.0205366769670472,0.8384184525413345,1.0,4,20,extra-large,${REPO_ROOT}/EX2/sort-radix-mach/EX2_optimized_codes/sort-radix-mach_gcc_qwen_v7
extra-large,1,qwen,8,8,gcc,False,8.284135e-05,0.00681982565,1.0060283904113103,0.8903666327598859,1.0,4,20,extra-large,${REPO_ROOT}/EX2/sort-radix-mach/EX2_optimized_codes/sort-radix-mach_gcc_qwen_v8
extra-large,1,qwen,8,9,gcc,False,8.29997e-05,0.00651435355,1.00410905099657,0.9321178461368589,1.0,4,20,extra-large,${REPO_ROOT}/EX2/sort-radix-mach/EX2_optimized_codes/sort-radix-mach_gcc_qwen_v9
extra-large,1,qwen,8,10,gcc,False,8.21038e-05,0.00637283095,1.015065685144902,0.9528175543398025,1.0,4,20,extra-large,${REPO_ROOT}/EX2/sort-radix-mach/EX2_optimized_codes/sort-radix-mach_gcc_qwen_v10
extra-large,1,qwen,16,1,gcc,False,8.086305e-05,0.0068073828,1.0306406943591666,0.8919940861853692,1.0,4,20,extra-large,${REPO_ROOT}/EX2/sort-radix-mach/EX2_optimized_codes/sort-radix-mach_gcc_qwen_v1
extra-large,1,qwen,16,2,gcc,False,8.25342e-05,0.0059801858,1.0097723125686082,1.0153773483091446,1.0,4,20,extra-large,${REPO_ROOT}/EX2/sort-radix-mach/EX2_optimized_codes/sort-radix-mach_gcc_qwen_v2
extra-large,1,qwen,16,3,gcc,False,7.99984e-05,0.00711926905,1.0417802106042122,0.8529169437696698,1.0,4,20,extra-large,${REPO_ROOT}/EX2/sort-radix-mach/EX2_optimized_codes/sort-radix-mach_gcc_qwen_v3
extra-large,1,qwen,16,4,gcc,False,8.276485e-05,0.00663594535,1.0069582679120426,0.9150384579342565,1.0,4,20,extra-large,${REPO_ROOT}/EX2/sort-radix-mach/EX2_optimized_codes/sort-radix-mach_gcc_qwen_v4
extra-large,1,qwen,16,5,gcc,False,8.10546e-05,0.0068002352,1.0282050617731753,0.8929316444819438,1.0,4,20,extra-large,${REPO_ROOT}/EX2/sort-radix-mach/EX2_optimized_codes/sort-radix-mach_gcc_qwen_v5
extra-large,1,qwen,16,6,gcc,False,8.187665e-05,0.006822170850000001,1.0178817770389972,0.8900605589495021,1.0,4,20,extra-large,${REPO_ROOT}/EX2/sort-radix-mach/EX2_optimized_codes/sort-radix-mach_gcc_qwen_v6
extra-large,1,qwen,16,7,gcc,False,8.360029999999999e-05,0.0074130833000000005,0.9968953460693325,0.8191119611457759,1.0,4,20,extra-large,${REPO_ROOT}/EX2/sort-radix-mach/EX2_optimized_codes/sort-radix-mach_gcc_qwen_v7
extra-large,1,qwen,16,8,gcc,False,8.211565e-05,0.0069015388999999995,1.0149192023688542,0.879824817041892,1.0,4,20,extra-large,${REPO_ROOT}/EX2/sort-radix-mach/EX2_optimized_codes/sort-radix-mach_gcc_qwen_v8
extra-large,1,qwen,16,9,gcc,False,8.16056e-05,0.00788436485,1.0212626339368867,0.7701502042995891,1.0,4,20,extra-large,${REPO_ROOT}/EX2/sort-radix-mach/EX2_optimized_codes/sort-radix-mach_gcc_qwen_v9
extra-large,1,qwen,16,10,gcc,False,8.263644999999999e-05,0.00665735155,1.0085228733809357,0.9120962224084441,1.0,4,20,extra-large,${REPO_ROOT}/EX2/sort-radix-mach/EX2_optimized_codes/sort-radix-mach_gcc_qwen_v10
extra-large,1,qwen,32,1,gcc,False,7.998795e-05,0.0072024034,1.041916313644743,0.8430720778566777,1.0,4,20,extra-large,${REPO_ROOT}/EX2/sort-radix-mach/EX2_optimized_codes/sort-radix-mach_gcc_qwen_v1
extra-large,1,qwen,32,2,gcc,False,8.268954999999999e-05,0.00590155775,1.007875239374262,1.0289054953329908,1.0,4,20,extra-large,${REPO_ROOT}/EX2/sort-radix-mach/EX2_optimized_codes/sort-radix-mach_gcc_qwen_v2
extra-large,1,qwen,32,3,gcc,False,8.013925e-05,0.00709315415,1.039949213400425,0.8560571322138826,1.0,4,20,extra-large,${REPO_ROOT}/EX2/sort-radix-mach/EX2_optimized_codes/sort-radix-mach_gcc_qwen_v3
extra-large,1,qwen,32,4,gcc,False,8.422584999999999e-05,0.0078783158,0.9894913497459511,0.770741533361737,1.0,4,20,extra-large,${REPO_ROOT}/EX2/sort-radix-mach/EX2_optimized_codes/sort-radix-mach_gcc_qwen_v4
extra-large,1,qwen,32,5,gcc,False,8.292235e-05,0.00670616025,1.0050456843058597,0.9054578139554599,1.0,4,20,extra-large,${REPO_ROOT}/EX2/sort-radix-mach/EX2_optimized_codes/sort-radix-mach_gcc_qwen_v5
extra-large,1,qwen,32,6,gcc,False,8.280405e-05,0.006920786449999999,1.0064815670248013,0.8773779170718381,1.0,4,20,extra-large,${REPO_ROOT}/EX2/sort-radix-mach/EX2_optimized_codes/sort-radix-mach_gcc_qwen_v6
extra-large,1,qwen,32,7,gcc,False,8.14442e-05,0.006739529700000001,1.0232864955392773,0.9009746184514922,1.0,4,20,extra-large,${REPO_ROOT}/EX2/sort-radix-mach/EX2_optimized_codes/sort-radix-mach_gcc_qwen_v7
extra-large,1,qwen,32,8,gcc,False,8.406415e-05,0.00815564435,0.9913946670489145,0.7445328584000847,1.0,4,20,extra-large,${REPO_ROOT}/EX2/sort-radix-mach/EX2_optimized_codes/sort-radix-mach_gcc_qwen_v8
extra-large,1,qwen,32,9,gcc,False,8.106495000000001e-05,0.006735951299999999,1.0280737852795814,0.9014532513024553,1.0,4,20,extra-large,${REPO_ROOT}/EX2/sort-radix-mach/EX2_optimized_codes/sort-radix-mach_gcc_qwen_v9
extra-large,1,qwen,32,10,gcc,False,8.536970000000001e-05,0.0069543331,0.9762333708564046,0.8731455788334327,1.0,4,20,extra-large,${REPO_ROOT}/EX2/sort-radix-mach/EX2_optimized_codes/sort-radix-mach_gcc_qwen_v10
